{"time/iter_sec": 0.6584610939025879, "time/eta_target_sec": 65845.45092916489, "time/eta_target_hours": 18.290403035879134, "time/target_iterations": 100000, "time/iterations": 1, "time/fps": 2339, "time/time_elapsed": 1, "time/total_timesteps": 2816}
{"train/learning_rate": 0.0003, "train/entropy_loss": -2.075624186342413, "train/policy_gradient_loss": -0.009736109812828627, "train/value_loss": 185.49169894131748, "train/approx_kl": 0.007712042424827814, "train/clip_fraction": 0.03401988636363636, "train/loss": 54.96149444580078, "train/explained_variance": -0.015306949615478516, "train/n_updates": 10, "train/clip_range": 0.2, "time/iter_sec": 0.7416269779205322, "time/eta_target_sec": 74161.21453809738, "time/eta_target_hours": 20.600337371693715, "time/target_iterations": 100000, "time/iterations": 2, "time/fps": 2776, "time/time_elapsed": 2, "time/total_timesteps": 5632}
{"train/learning_rate": 0.0003, "train/entropy_loss": -2.0632054762406784, "train/policy_gradient_loss": -0.004404248703609813, "train/value_loss": 414.41425046053797, "train/approx_kl": 0.004570178221911192, "train/clip_fraction": 0.006498579545454545, "train/loss": 213.1134033203125, "train/explained_variance": 0.06508976221084595, "train/n_updates": 20, "train/clip_range": 0.2, "time/iter_sec": 0.7261265913645426, "time/eta_target_sec": 72610.48075668016, "time/eta_target_hours": 20.16957798796671, "time/target_iterations": 100000, "time/iterations": 3, "time/fps": 3101, "time/time_elapsed": 2, "time/total_timesteps": 8448}
